t,curve0,curve1,curve2,curve3,curve4,curve5
-10.0,1.0,0.9961496817438651,1.0,1.0,1.0,1.0
-9.98,1.0,0.9960321954213416,1.0,1.0,1.0,1.0
-9.96,1.0,0.9959758435223224,1.0,1.0,1.0,1.0
-9.94,1.0,0.9959518330084991,1.0,1.0,1.0,1.0
-9.92,1.0,0.9959490266502837,1.0,1.0,1.0,1.0
-9.9,1.0,0.9959661505692022,1.0,1.0,1.0,1.0
-9.88,1.0,0.9960110672804997,1.0,1.0,1.0,1.0
-9.86,1.0,0.9961057996918374,1.0,1.0,1.0,1.0
-9.84,1.0,0.9963086935629061,1.0,1.0,1.0,1.0
-9.82,1.0,0.9972926110951215,1.0,1.0,1.0,1.0
-9.8,1.0,1.0,1.0,1.0,1.0,1.0
-9.78,1.0,1.0,1.0,1.0,1.0,1.0
-9.76,1.0,1.0,1.0,1.0,1.0,1.0
-9.74,1.0,1.0,1.0,1.0,1.0,1.0
-9.72,1.0,1.0,1.0,0.9957193215771936,1.0,1.0
-9.7,1.0,1.0,1.0,1.0,1.0,1.0
-9.68,1.0,1.0,1.0,1.0,1.0,1.0
-9.66,1.0,1.0,1.0,1.0,1.0,1.0
-9.64,1.0,1.0,1.0,1.0,1.0,1.0
-9.62,1.0,1.0,1.0,1.0,1.0,1.0
-9.6,1.0,1.0,1.0,1.0,0.9990848693250266,1.0
-9.58,1.0,1.0,1.0,1.0,0.9970330159578281,1.0
-9.56,1.0,1.0,1.0,1.0,0.9968102406843888,1.0
-9.54,1.0,1.0,1.0,1.0,0.9967103903490722,1.0
-9.52,1.0,1.0,1.0,1.0,0.9966617596947256,1.0
-9.5,1.0,1.0,1.0,1.0,0.9966391333045901,1.0
-9.48,1.0,1.0,1.0,1.0,0.9966317935190079,1.0
-9.46,1.0,1.0,1.0,1.0,0.9966363085838645,1.0
-9.44,1.0,1.0,1.0,1.0,0.996654790353207,1.0
-9.42,1.0,1.0,1.0,1.0,0.9966959396083527,1.0
-9.4,1.0,1.0,1.0,1.0,0.9967804075574638,1.0
-9.38,1.0,1.0,1.0,1.0,0.9969624479549785,1.0
-9.36,1.0,1.0,1.0,1.0,0.998058669925056,1.0
-9.34,1.0,1.0,1.0,1.0,1.0,1.0
-9.32,1.0,1.0,1.0,1.0,1.0,1.0
-9.3,1.0,1.0,1.0,1.0,1.0,1.0
-9.28,1.0,1.0,1.0,1.0,1.0,1.0
-9.26,1.0,1.0,1.0,0.9957186666712325,1.0,1.0
-9.24,1.0,1.0,1.0,1.0,1.0,1.0
-9.22,1.0,1.0,1.0,1.0,1.0,1.0
-9.2,1.0,1.0,1.0,1.0,1.0,1.0
-9.18,1.0,1.0,1.0,1.0,1.0,1.0
-9.16,1.0,1.0,1.0,1.0,1.0,1.0
-9.14,1.0,1.0,1.0,1.0,1.0,1.0
-9.12,1.0,1.0,1.0,1.0,1.0,1.0
-9.1,1.0,1.0,1.0,1.0,1.0,1.0
-9.08,1.0,1.0,1.0,1.0,1.0,1.0
-9.06,1.0,1.0,1.0,1.0,1.0,1.0
-9.04,1.0,1.0,1.0,1.0,1.0,1.0
-9.02,1.0,1.0,1.0,1.0,1.0,1.0
-9.0,1.0,1.0,1.0,1.0,1.0,1.0
-8.98,1.0,1.0,1.0,1.0,1.0,1.0
-8.96,1.0,1.0,1.0,1.0,1.0,1.0
-8.94,1.0,1.0,1.0,1.0,1.0,1.0
-8.92,1.0,1.0,1.0,1.0,1.0,1.0
-8.9,1.0,1.0,1.0,1.0,1.0,1.0
-8.879999999999999,1.0,1.0,1.0,1.0,1.0,1.0
-8.86,1.0,1.0,1.0,1.0,1.0,1.0
-8.84,1.0,1.0,1.0,1.0,1.0,1.0
-8.82,1.0,1.0,1.0,1.0,1.0,1.0
-8.8,1.0,1.0,1.0,0.9957690989003518,1.0,1.0
-8.78,1.0,1.0,1.0,1.0,1.0,1.0
-8.76,1.0,1.0,1.0,1.0,1.0,1.0
-8.74,1.0,1.0,1.0,1.0,1.0,1.0
-8.72,1.0,1.0,1.0,1.0,1.0,1.0
-8.7,1.0,1.0,1.0,1.0,1.0,1.0
-8.68,1.0,1.0,1.0,1.0,1.0,1.0
-8.66,1.0,1.0,1.0,1.0,1.0,1.0
-8.64,1.0,1.0,1.0,1.0,1.0,1.0
-8.62,1.0,1.0,1.0,1.0,1.0,1.0
-8.6,1.0,1.0,1.0,1.0,1.0,1.0
-8.58,1.0,1.0,1.0,1.0,1.0,1.0
-8.56,1.0,1.0,1.0,1.0,1.0,1.0
-8.54,1.0,1.0,1.0,1.0,1.0,1.0
-8.52,1.0,1.0,1.0,1.0,1.0,1.0
-8.5,1.0,1.0,1.0,1.0,1.0,1.0
-8.48,1.0,1.0,1.0,1.0,1.0,1.0
-8.46,1.0,1.0,1.0,1.0,1.0,1.0
-8.44,1.0,1.0,1.0,1.0,1.0,1.0
-8.42,1.0,1.0,1.0,1.0,1.0,1.0
-8.4,1.0,1.0,1.0,1.0,1.0,1.0
-8.379999999999999,1.0,1.0,1.0,1.0,1.0,1.0
-8.36,1.0,1.0,1.0,1.0,1.0,1.0
-8.34,1.0,1.0,1.0,0.9959590145320921,1.0,1.0
-8.32,1.0,1.0,1.0,1.0,1.0,1.0
-8.3,1.0,1.0,1.0,1.0,1.0,1.0
-8.28,1.0,1.0,1.0,1.0,1.0,1.0
-8.26,1.0,1.0,1.0,1.0,1.0,1.0
-8.24,1.0,1.0,1.0,1.0,1.0,1.0
-8.22,1.0,1.0,1.0,1.0,1.0,1.0
-8.2,1.0,1.0,1.0,1.0,1.0,1.0
-8.18,1.0,1.0,1.0,1.0,1.0,1.0
-8.16,1.0,1.0,1.0,1.0,1.0,1.0
-8.14,1.0,1.0,1.0,1.0,1.0,1.0
-8.12,1.0,1.0,1.0,1.0,1.0,1.0
-8.1,1.0,1.0,1.0,1.0,1.0,1.0
-8.08,1.0,1.0,1.0,1.0,1.0,1.0
-8.06,1.0,1.0,1.0,1.0,1.0,1.0
-8.04,1.0,1.0,1.0,1.0,1.0,1.0
-8.02,1.0,1.0,1.0,1.0,1.0,1.0
-8.0,1.0,1.0,1.0,1.0,1.0,1.0
-7.98,1.0,1.0,1.0,1.0,1.0,1.0
-7.96,1.0,1.0,1.0,1.0,1.0,1.0
-7.9399999999999995,1.0,1.0,1.0,1.0,1.0,1.0
-7.92,1.0,1.0,1.0,1.0,1.0,1.0
-7.9,1.0,1.0,1.0,1.0,1.0,1.0
-7.88,1.0,1.0,1.0,0.9980568743412376,1.0,1.0
-7.859999999999999,1.0,1.0,1.0,0.9968446046777928,1.0,1.0
-7.84,1.0,1.0,1.0,1.0,1.0,1.0
-7.82,1.0,1.0,1.0,1.0,1.0,1.0
-7.8,1.0,1.0,1.0,1.0,1.0,1.0
-7.779999999999999,1.0,1.0,1.0,1.0,1.0,1.0
-7.76,1.0,1.0,1.0,1.0,1.0,1.0
-7.74,1.0,1.0,1.0,1.0,1.0,1.0
-7.72,1.0,1.0,1.0,1.0,1.0,1.0
-7.699999999999999,1.0,1.0,1.0,1.0,1.0,1.0
-7.68,1.0,1.0,1.0,1.0,1.0,1.0
-7.66,1.0,1.0,1.0,1.0,1.0,1.0
-7.640000000000001,1.0,1.0,1.0,1.0,1.0,1.0
-7.62,1.0,1.0,1.0,1.0,1.0,1.0
-7.6,1.0,1.0,1.0,1.0,1.0,1.0
-7.58,1.0,1.0,1.0,1.0,1.0,1.0
-7.5600000000000005,1.0,1.0,1.0,1.0,1.0,1.0
-7.54,1.0,1.0,1.0,1.0,1.0,1.0
-7.52,1.0,1.0,1.0,1.0,1.0,1.0
-7.5,1.0,1.0,1.0,1.0,1.0,1.0
-7.48,1.0,1.0,1.0,1.0,1.0,1.0
-7.46,1.0,1.0,1.0,1.0,1.0,1.0
-7.4399999999999995,1.0,1.0,1.0,1.0,1.0,1.0
-7.42,1.0,1.0,1.0,1.0,1.0,1.0
-7.4,1.0,1.0,1.0,0.9959154960737648,1.0,1.0
-7.38,1.0,1.0,1.0,1.0,1.0,1.0
-7.359999999999999,1.0,1.0,1.0,1.0,1.0,1.0
-7.34,1.0,1.0,1.0,1.0,1.0,1.0
-7.32,1.0,1.0,1.0,1.0,1.0,1.0
-7.3,1.0,1.0,1.0,1.0,1.0,1.0
-7.279999999999999,1.0,1.0,1.0,1.0,1.0,1.0
-7.26,1.0,1.0,1.0,1.0,1.0,1.0
-7.24,1.0,1.0,1.0,1.0,1.0,1.0
-7.22,1.0,1.0,1.0,1.0,1.0,1.0
-7.199999999999999,1.0,1.0,1.0,1.0,1.0,1.0
-7.18,1.0,1.0,1.0,1.0,1.0,1.0
-7.16,1.0,1.0,1.0,1.0,1.0,1.0
-7.140000000000001,1.0,1.0,1.0,1.0,1.0,1.0
-7.12,1.0,1.0,1.0,1.0,1.0,1.0
-7.1,1.0,1.0,1.0,1.0,1.0,1.0
-7.08,1.0,1.0,1.0,1.0,1.0,1.0
-7.0600000000000005,1.0,1.0,1.0,1.0,1.0,1.0
-7.04,1.0,1.0,1.0,1.0,1.0,1.0
-7.02,1.0,1.0,1.0,1.0,1.0,1.0
-7.0,1.0,1.0,1.0,1.0,1.0,1.0
-6.98,1.0,1.0,1.0,1.0,1.0,1.0
-6.96,1.0,1.0,1.0,1.0,1.0,1.0
-6.9399999999999995,1.0,1.0,1.0,0.995757144242161,1.0,1.0
-6.92,1.0,1.0,1.0,1.0,1.0,1.0
-6.9,1.0,1.0,1.0,1.0,1.0,1.0
-6.88,1.0,1.0,1.0,1.0,1.0,1.0
-6.859999999999999,1.0,1.0,1.0,1.0,1.0,1.0
-6.84,1.0,1.0,1.0,1.0,1.0,1.0
-6.82,1.0,1.0,1.0,1.0,1.0,1.0
-6.8,1.0,1.0,1.0,1.0,1.0,1.0
-6.779999999999999,1.0,1.0,1.0,1.0,1.0,1.0
-6.76,1.0,1.0,1.0,1.0,1.0,1.0
-6.74,1.0,1.0,1.0,1.0,1.0,1.0
-6.72,1.0,0.996658207414688,1.0,1.0,1.0,1.0
-6.699999999999999,1.0,0.9962392940135545,1.0,1.0,1.0,1.0
-6.68,1.0,0.9960744167817739,1.0,1.0,1.0,1.0
-6.66,1.0,0.995995941531576,1.0,1.0,1.0,1.0
-6.640000000000001,1.0,0.9959595694925915,1.0,1.0,1.0,1.0
-6.62,1.0,0.9959479405821976,1.0,1.0,1.0,1.0
-6.6,1.0,0.995955749213947,1.0,1.0,1.0,1.0
-6.58,1.0,0.995986550826198,1.0,1.0,1.0,1.0
-6.5600000000000005,1.0,0.9960548466458162,1.0,1.0,1.0,1.0
-6.54,1.0,0.9961973973700871,1.0,1.0,1.0,1.0
-6.52,1.0,0.9965342479997726,1.0,1.0,1.0,1.0
-6.5,1.0,0.9997488618387929,1.0,1.0,1.0,1.0
-6.48,1.0,1.0,1.0,0.9957163550339649,1.0,1.0
-6.46,1.0,1.0,1.0,1.0,1.0,1.0
-6.4399999999999995,1.0,1.0,1.0,1.0,1.0,1.0
-6.42,1.0,1.0,1.0,1.0,1.0,1.0
-6.4,1.0,1.0,1.0,1.0,1.0,1.0
-6.38,1.0,1.0,1.0,1.0,1.0,1.0
-6.359999999999999,1.0,1.0,1.0,1.0,1.0,1.0
-6.34,1.0,1.0,1.0,1.0,1.0,1.0
-6.32,1.0,1.0,1.0,1.0,1.0,0.9997373768543936
-6.3,1.0,1.0,1.0,1.0,1.0,0.999704360247627
-6.279999999999999,1.0,1.0,1.0,1.0,1.0,0.9996955400768665
-6.26,1.0,1.0,1.0,1.0,1.0,0.9996948690685162
-6.24,1.0,1.0,1.0,1.0,1.0,0.9997014790451134
-6.22,1.0,1.0,1.0,1.0,1.0,0.9997257733966731
-6.199999999999999,1.0,1.0,1.0,1.0,1.0,1.0
-6.18,1.0,1.0,1.0,1.0,1.0,1.0
-6.16,1.0,1.0,1.0,1.0,1.0,1.0
-6.140000000000001,1.0,1.0,1.0,1.0,1.0,1.0
-6.12,1.0,1.0,1.0,1.0,1.0,1.0
-6.1,1.0,1.0,1.0,1.0,1.0,1.0
-6.08,1.0,1.0,0.9999357079721817,1.0,1.0,1.0
-6.0600000000000005,1.0,1.0,0.9983796714208768,1.0,1.0,1.0
-6.04,1.0,1.0,0.9982935598145706,1.0,1.0,1.0
-6.02,1.0,1.0,0.9983269648938417,0.9957227356276149,1.0,1.0
-6.0,1.0,1.0,0.9987663043211013,1.0,1.0,1.0
-5.9799999999999995,1.0,1.0,1.0,1.0,1.0,1.0
-5.96,1.0,1.0,1.0,1.0,1.0,1.0
-5.9399999999999995,1.0,1.0,1.0,1.0,1.0,1.0
-5.92,1.0,1.0,1.0,1.0,1.0,1.0
-5.9,1.0,1.0,1.0,1.0,1.0,1.0
-5.88,1.0,1.0,1.0,1.0,1.0,1.0
-5.86,1.0,1.0,1.0,1.0,1.0,1.0
-5.84,1.0,1.0,1.0,1.0,1.0,1.0
-5.82,1.0,1.0,1.0,1.0,1.0,1.0
-5.8,1.0,1.0,1.0,1.0,1.0,1.0
-5.78,1.0,1.0,1.0,1.0,1.0,1.0
-5.76,1.0,1.0,1.0,1.0,1.0,1.0
-5.74,1.0,1.0,1.0,1.0,1.0,1.0
-5.72,1.0,1.0,1.0,1.0,1.0,1.0
-5.7,1.0,1.0,1.0,1.0,1.0,1.0
-5.68,1.0,1.0,1.0,1.0,1.0,1.0
-5.66,1.0,1.0,1.0,1.0,1.0,1.0
-5.64,1.0,1.0,1.0,1.0,1.0,1.0
-5.62,1.0,1.0,1.0,1.0,1.0,1.0
-5.6,1.0,1.0,1.0,1.0,1.0,1.0
-5.58,1.0,1.0,1.0,1.0,1.0,1.0
-5.56,1.0,1.0,1.0,0.9957870916489745,1.0,1.0
-5.54,1.0,1.0,1.0,1.0,1.0,1.0
-5.52,1.0,1.0,1.0,1.0,1.0,1.0
-5.5,1.0,1.0,1.0,1.0,1.0,1.0
-5.4799999999999995,1.0,1.0,1.0,1.0,1.0,1.0
-5.46,1.0,1.0,1.0,1.0,1.0,1.0
-5.4399999999999995,1.0,1.0,1.0,1.0,1.0,1.0
-5.42,1.0,1.0,1.0,1.0,1.0,1.0
-5.3999999999999995,1.0,1.0,1.0,1.0,1.0,1.0
-5.38,1.0,1.0,1.0,1.0,1.0,1.0
-5.36,1.0,1.0,1.0,1.0,1.0,1.0
-5.34,1.0,1.0,1.0,1.0,1.0,1.0
-5.32,1.0,1.0,1.0,1.0,1.0,1.0
-5.3,1.0,1.0,1.0,1.0,1.0,1.0
-5.28,1.0,1.0,1.0,1.0,1.0,1.0
-5.26,1.0,1.0,1.0,1.0,1.0,1.0
-5.24,1.0,1.0,1.0,1.0,1.0,1.0
-5.22,1.0,1.0,1.0,1.0,1.0,1.0
-5.2,1.0,1.0,1.0,1.0,1.0,1.0
-5.18,1.0,1.0,1.0,1.0,1.0,1.0
-5.16,1.0,1.0,1.0,1.0,1.0,1.0
-5.14,1.0,1.0,1.0,1.0,1.0,1.0
-5.12,1.0,1.0,1.0,1.0,1.0,1.0
-5.1,1.0,1.0,1.0,0.9960257921746077,1.0,1.0
-5.08,1.0,1.0,1.0,1.0,1.0,1.0
-5.06,1.0,1.0,1.0,1.0,1.0,1.0
-5.04,1.0,1.0,1.0,1.0,1.0,1.0
-5.02,1.0,1.0,1.0,1.0,1.0,1.0
-5.0,1.0,1.0,1.0,1.0,1.0,1.0
-4.9799999999999995,1.0,1.0,1.0,1.0,1.0,1.0
-4.96,1.0,1.0,1.0,1.0,1.0,1.0
-4.9399999999999995,1.0,1.0,1.0,1.0,1.0,1.0
-4.92,1.0,1.0,1.0,1.0,1.0,1.0
-4.8999999999999995,1.0,1.0,1.0,1.0,1.0,1.0
-4.88,1.0,1.0,1.0,1.0,1.0,1.0
-4.86,1.0,1.0,1.0,1.0,1.0,1.0
-4.84,1.0,1.0,1.0,1.0,1.0,1.0
-4.82,1.0,1.0,1.0,1.0,1.0,1.0
-4.8,1.0,1.0,1.0,1.0,1.0,1.0
-4.78,1.0,1.0,1.0,1.0,1.0,1.0
-4.76,1.0,1.0,1.0,1.0,1.0,1.0
-4.74,1.0,1.0,1.0,1.0,1.0,1.0
-4.72,1.0,1.0,1.0,1.0,1.0,1.0
-4.7,1.0,1.0,1.0,1.0,1.0,1.0
-4.68,1.0,1.0,1.0,1.0,1.0,1.0
-4.66,1.0,1.0,1.0,1.0,1.0,1.0
-4.64,1.0,1.0,1.0,0.9995382686523655,1.0,1.0
-4.62,1.0,1.0,1.0,0.9963948364534793,1.0,1.0
-4.6,1.0,1.0,1.0,1.0,1.0,1.0
-4.58,1.0,1.0,1.0,1.0,1.0,1.0
-4.56,1.0,1.0,1.0,1.0,1.0,1.0
-4.54,1.0,1.0,1.0,1.0,1.0,1.0
-4.52,1.0,1.0,1.0,1.0,1.0,1.0
-4.5,1.0,1.0,1.0,1.0,1.0,1.0
-4.4799999999999995,1.0,1.0,1.0,1.0,1.0,1.0
-4.46,1.0,1.0,1.0,1.0,1.0,1.0
-4.4399999999999995,1.0,1.0,1.0,1.0,1.0,1.0
-4.42,1.0,1.0,1.0,1.0,1.0,1.0
-4.3999999999999995,1.0,1.0,1.0,1.0,1.0,1.0
-4.38,1.0,1.0,1.0,1.0,1.0,1.0
-4.36,1.0,1.0,1.0,1.0,1.0,1.0
-4.34,1.0,1.0,1.0,1.0,1.0,1.0
-4.32,1.0,1.0,1.0,1.0,1.0,1.0
-4.3,1.0,1.0,1.0,1.0,1.0,1.0
-4.28,1.0,1.0,1.0,1.0,1.0,1.0
-4.26,1.0,1.0,1.0,1.0,1.0,1.0
-4.24,1.0,1.0,1.0,1.0,1.0,1.0
-4.22,1.0,1.0,1.0,1.0,1.0,1.0
-4.2,1.0,1.0,1.0,1.0,1.0,1.0
-4.18,1.0,1.0,1.0,1.0,1.0,1.0
-4.16,1.0,1.0,1.0,0.9958720545175999,1.0,1.0
-4.14,1.0,1.0,1.0,1.0,1.0,1.0
-4.12,1.0,1.0,1.0,1.0,1.0,1.0
-4.1,1.0,1.0,1.0,1.0,1.0,1.0
-4.08,1.0,1.0,1.0,1.0,1.0,1.0
-4.06,1.0,1.0,1.0,1.0,1.0,1.0
-4.04,1.0,1.0,1.0,1.0,1.0,1.0
-4.02,1.0,1.0,1.0,1.0,1.0,1.0
-4.0,1.0,1.0,1.0,1.0,1.0,1.0
-3.9799999999999995,1.0,1.0,1.0,1.0,1.0,1.0
-3.96,1.0,1.0,1.0,1.0,1.0,1.0
-3.9399999999999995,1.0,1.0,1.0,1.0,1.0,1.0
-3.92,1.0,1.0,1.0,1.0,1.0,1.0
-3.8999999999999995,1.0,1.0,1.0,1.0,1.0,1.0
-3.88,1.0,1.0,1.0,1.0,1.0,1.0
-3.8599999999999994,1.0,1.0,1.0,1.0,1.0,1.0
-3.84,1.0,1.0,1.0,1.0,1.0,1.0
-3.8200000000000003,1.0,1.0,1.0,1.0,1.0,1.0
-3.8,1.0,1.0,1.0,1.0,1.0,1.0
-3.7800000000000002,1.0,1.0,1.0,1.0,1.0,1.0
-3.76,1.0,1.0,1.0,1.0,1.0,1.0
-3.74,1.0,1.0,1.0,1.0,1.0,1.0
-3.7199999999999998,1.0,1.0,1.0,1.0,1.0,1.0
-3.7,1.0,1.0,1.0,0.9957451622581726,1.0,1.0
-3.6799999999999997,1.0,1.0,1.0,1.0,1.0,1.0
-3.66,1.0,1.0,1.0,1.0,1.0,1.0
-3.6399999999999997,1.0,1.0,1.0,1.0,1.0,1.0
-3.62,1.0,1.0,1.0,1.0,1.0,1.0
-3.5999999999999996,1.0,1.0,1.0,1.0,1.0,1.0
-3.58,1.0,1.0,1.0,1.0,1.0,1.0
-3.5599999999999996,1.0,1.0,1.0,1.0,1.0,1.0
-3.54,1.0,1.0,1.0,1.0,1.0,1.0
-3.5199999999999996,1.0,1.0,1.0,1.0,1.0,1.0
-3.5,1.0,1.0,1.0,1.0,1.0,1.0
-3.4799999999999995,1.0,1.0,1.0,1.0,1.0,1.0
-3.46,1.0,1.0,1.0,1.0,1.0,1.0
-3.4399999999999995,1.0,1.0,1.0,1.0,1.0,1.0
-3.42,1.0,0.9981812216735788,1.0,1.0,1.0,1.0
-3.3999999999999995,1.0,0.9963712349399528,1.0,1.0,1.0,1.0
-3.38,1.0,0.9961329950891634,1.0,1.0,1.0,1.0
-3.3599999999999994,1.0,0.9960241857392078,1.0,1.0,1.0,1.0
-3.34,1.0,0.9959721227785275,1.0,1.0,1.0,1.0
-3.3200000000000003,1.0,0.9959506428006697,1.0,1.0,1.0,1.0
-3.3,1.0,0.9959498258690122,1.0,1.0,1.0,1.0
-3.2800000000000002,1.0,0.9959693019909737,1.0,1.0,1.0,1.0
-3.26,1.0,0.9960180426162161,1.0,1.0,1.0,1.0
-3.24,1.0,0.9961202642182327,1.0,0.9957146271383489,1.0,1.0
-3.2199999999999998,1.0,0.9963416885687046,1.0,1.0,1.0,1.0
-3.2,1.0,0.9977707742739312,1.0,1.0,1.0,1.0
-3.1799999999999997,1.0,1.0,1.0,1.0,1.0,1.0
-3.16,1.0,1.0,1.0,1.0,1.0,1.0
-3.1399999999999997,1.0,1.0,1.0,1.0,1.0,1.0
-3.12,1.0,1.0,1.0,1.0,1.0,1.0
-3.0999999999999996,1.0,1.0,1.0,1.0,1.0,1.0
-3.08,1.0,1.0,1.0,1.0,1.0,1.0
-3.0599999999999996,1.0,1.0,1.0,1.0,1.0,1.0
-3.04,1.0,1.0,1.0,1.0,1.0,1.0
-3.0199999999999996,1.0,1.0,1.0,1.0,1.0,1.0
-3.0,1.0,1.0,1.0,1.0,1.0,1.0
-2.9799999999999995,1.0,1.0,1.0,1.0,1.0,1.0
-2.96,1.0,1.0,1.0,1.0,1.0,1.0
-2.9399999999999995,1.0,1.0,1.0,1.0,1.0,1.0
-2.92,1.0,1.0,1.0,1.0,1.0,1.0
-2.8999999999999995,1.0,1.0,1.0,1.0,1.0,1.0
-2.88,1.0,1.0,1.0,1.0,1.0,1.0
-2.8599999999999994,1.0,1.0,1.0,1.0,1.0,1.0
-2.84,1.0,1.0,1.0,1.0,1.0,1.0
-2.8200000000000003,1.0,1.0,1.0,1.0,1.0,1.0
-2.8,1.0,1.0,1.0,1.0,1.0,1.0
-2.7800000000000002,1.0,1.0,1.0,0.9957283293613577,1.0,1.0
-2.76,1.0,1.0,1.0,1.0,1.0,1.0
-2.74,1.0,1.0,1.0,1.0,1.0,1.0
-2.7199999999999998,1.0,1.0,1.0,1.0,1.0,1.0
-2.7,1.0,1.0,1.0,1.0,1.0,1.0
-2.6799999999999997,1.0,1.0,1.0,1.0,1.0,1.0
-2.66,1.0,1.0,1.0,1.0,1.0,1.0
-2.6399999999999997,1.0,1.0,1.0,1.0,1.0,1.0
-2.62,1.0,1.0,1.0,1.0,1.0,1.0
-2.5999999999999996,1.0,1.0,1.0,1.0,1.0,1.0
-2.58,1.0,1.0,1.0,1.0,1.0,1.0
-2.5599999999999996,1.0,1.0,1.0,1.0,1.0,1.0
-2.54,1.0,1.0,1.0,1.0,1.0,1.0
-2.5199999999999996,1.0,1.0,1.0,1.0,1.0,1.0
-2.5,1.0,1.0,1.0,1.0,1.0,1.0
-2.4799999999999995,1.0,1.0,1.0,1.0,1.0,1.0
-2.46,1.0,1.0,1.0,1.0,1.0,1.0
-2.4399999999999995,1.0,1.0,1.0,1.0,1.0,1.0
-2.42,1.0,1.0,1.0,1.0,1.0,1.0
-2.3999999999999995,1.0,1.0,1.0,1.0,1.0,1.0
-2.38,1.0,1.0,1.0,1.0,1.0,1.0
-2.3599999999999994,1.0,1.0,1.0,1.0,1.0,1.0
-2.34,1.0,1.0,1.0,1.0,1.0,1.0
-2.3200000000000003,1.0,1.0,1.0,0.9958094866677802,1.0,1.0
-2.3,1.0,1.0,1.0,1.0,1.0,1.0
-2.2800000000000002,1.0,1.0,1.0,1.0,1.0,1.0
-2.26,1.0,1.0,1.0,1.0,1.0,1.0
-2.24,1.0,1.0,1.0,1.0,1.0,1.0
-2.2199999999999998,1.0,1.0,1.0,1.0,1.0,1.0
-2.2,1.0,1.0,1.0,1.0,1.0,1.0
-2.1799999999999997,1.0,1.0,1.0,1.0,1.0,1.0
-2.16,1.0,1.0,1.0,1.0,1.0,1.0
-2.1399999999999997,1.0,1.0,1.0,1.0,1.0,1.0
-2.12,1.0,1.0,1.0,1.0,1.0,1.0
-2.0999999999999996,1.0,1.0,1.0,1.0,1.0,1.0
-2.08,1.0,1.0,1.0,1.0,1.0,1.0
-2.0599999999999996,1.0,1.0,1.0,1.0,1.0,1.0
-2.04,1.0,1.0,1.0,1.0,1.0,1.0
-2.0199999999999996,1.0,1.0,1.0,1.0,1.0,1.0
-2.0,1.0,1.0,1.0,1.0,1.0,1.0
-1.9800000000000004,1.0,1.0,1.0,1.0,1.0,1.0
-1.959999999999999,1.0,1.0,1.0,1.0,1.0,1.0
-1.9399999999999995,1.0,1.0,1.0,1.0,1.0,1.0
-1.92,1.0,1.0,1.0,1.0,1.0,1.0
-1.9000000000000004,1.0,1.0,1.0,1.0,1.0,1.0
-1.879999999999999,1.0,1.0,1.0,1.0,1.0,1.0
-1.8599999999999994,1.0,1.0,1.0,0.9961124791890208,1.0,1.0
-1.8399999999999999,1.0,1.0,1.0,1.0,1.0,1.0
-1.8200000000000003,1.0,1.0,1.0,1.0,1.0,1.0
-1.8000000000000007,1.0,1.0,1.0,1.0,1.0,1.0
-1.7799999999999994,1.0,1.0,1.0,1.0,1.0,1.0
-1.7599999999999998,1.0,1.0,1.0,1.0,1.0,1.0
-1.7400000000000002,1.0,1.0,1.0,1.0,1.0,1.0
-1.7200000000000006,1.0,1.0,1.0,1.0,1.0,1.0
-1.6999999999999993,1.0,1.0,1.0,1.0,1.0,1.0
-1.6799999999999997,1.0,1.0,1.0,1.0,1.0,1.0
-1.6600000000000001,1.0,1.0,1.0,1.0,1.0,1.0
-1.6400000000000006,1.0,1.0,1.0,1.0,1.0,1.0
-1.6199999999999992,1.0,1.0,1.0,1.0,1.0,1.0
-1.5999999999999996,1.0,1.0,1.0,1.0,1.0,1.0
-1.58,1.0,1.0,1.0,1.0,1.0,1.0
-1.5600000000000005,1.0,1.0,1.0,1.0,1.0,1.0
-1.5399999999999991,1.0,1.0,1.0,1.0,1.0,1.0
-1.5199999999999996,1.0,1.0,1.0,1.0,1.0,1.0
-1.5,1.0,1.0,1.0,1.0,1.0,1.0
-1.4800000000000004,1.0,1.0,1.0,1.0,1.0,1.0
-1.459999999999999,1.0,1.0,1.0,1.0,1.0,1.0
-1.4399999999999995,1.0,1.0,1.0,1.0,1.0,1.0
-1.42,1.0,1.0,1.0,1.0,1.0,1.0
-1.4000000000000004,1.0,1.0,1.0,1.0,1.0,1.0
-1.379999999999999,1.0,1.0,1.0,0.9962287049096805,1.0,1.0
-1.3599999999999994,1.0,1.0,1.0,1.0,1.0,1.0
-1.3399999999999999,1.0,1.0,1.0,1.0,1.0,1.0
-1.3200000000000003,1.0,1.0,1.0,1.0,1.0,1.0
-1.299999999999999,1.0,1.0,1.0,1.0,1.0,1.0
-1.2799999999999994,1.0,1.0,1.0,1.0,1.0,1.0
-1.2599999999999998,1.0,1.0,1.0,1.0,1.0,1.0
-1.2400000000000002,1.0,1.0,1.0,1.0,1.0,1.0
-1.2200000000000006,1.0,1.0,1.0,1.0,1.0,1.0
-1.1999999999999993,1.0,1.0,1.0,1.0,1.0,1.0
-1.1799999999999997,1.0,1.0,1.0,1.0,1.0,1.0
-1.1600000000000001,1.0,1.0,1.0,1.0,1.0,1.0
-1.1400000000000006,1.0,1.0,1.0,1.0,1.0,1.0
-1.1199999999999992,1.0,1.0,1.0,1.0,1.0,1.0
-1.0999999999999996,1.0,1.0,1.0,1.0,1.0,1.0
-1.08,1.0,1.0,1.0,1.0,1.0,1.0
-1.0600000000000005,1.0,1.0,1.0,1.0,1.0,1.0
-1.0399999999999991,1.0,1.0,1.0,1.0,1.0,1.0
-1.0199999999999996,1.0,1.0,1.0,1.0,1.0,1.0
-1.0,1.0,1.0,1.0,1.0,1.0,1.0
-0.9800000000000004,1.0,1.0,1.0,1.0,1.0,1.0
-0.9599999999999991,1.0,1.0,1.0,1.0,1.0,1.0
-0.9399999999999995,1.0,1.0,1.0,1.0,1.0,1.0
-0.9199999999999999,1.0,1.0,1.0,0.9958373435873304,1.0,1.0
-0.9000000000000004,1.0,1.0,1.0,1.0,1.0,1.0
-0.879999999999999,1.0,1.0,1.0,1.0,1.0,1.0
-0.8599999999999994,1.0,1.0,1.0,1.0,1.0,1.0
-0.8399999999999999,1.0,1.0,1.0,1.0,1.0,1.0
-0.8200000000000003,1.0,1.0,1.0,1.0,1.0,1.0
-0.7999999999999989,1.0,1.0,1.0,1.0,1.0,1.0
-0.7799999999999994,1.0,1.0,1.0,1.0,1.0,1.0
-0.7599999999999998,1.0,1.0,1.0,1.0,1.0,1.0
-0.7400000000000002,1.0,1.0,1.0,1.0,1.0,1.0
-0.7200000000000006,1.0,1.0,1.0,1.0,1.0,1.0
-0.6999999999999993,1.0,1.0,1.0,1.0,1.0,1.0
-0.6799999999999997,1.0,1.0,1.0,1.0,1.0,1.0
-0.6600000000000001,1.0,1.0,1.0,1.0,1.0,1.0
-0.6400000000000006,1.0,1.0,1.0,1.0,1.0,1.0
-0.6199999999999992,1.0,1.0,1.0,1.0,1.0,1.0
-0.5999999999999996,1.0,1.0,1.0,1.0,1.0,1.0
-0.5800000000000001,1.0,1.0,1.0,1.0,1.0,1.0
-0.5600000000000005,1.0,1.0,1.0,1.0,1.0,1.0
-0.5399999999999991,1.0,1.0,1.0,1.0,1.0,1.0
-0.5199999999999996,1.0,1.0,1.0,1.0,1.0,1.0
-0.5,1.0,1.0,1.0,1.0,1.0,1.0
-0.4800000000000004,1.0,1.0,1.0,1.0,1.0,1.0
-0.4599999999999991,1.0,1.0,1.0,0.9957356964087325,1.0,1.0
-0.4399999999999995,1.0,1.0,1.0,1.0,1.0,1.0
-0.41999999999999993,1.0,1.0,1.0,1.0,1.0,1.0
-0.40000000000000036,1.0,1.0,1.0,1.0,1.0,1.0
-0.379999999999999,1.0,1.0,1.0,1.0,1.0,1.0
-0.35999999999999943,1.0,1.0,1.0,1.0,1.0,1.0
-0.33999999999999986,1.0,1.0,1.0,1.0,1.0,1.0
-0.3200000000000003,1.0,1.0,1.0,1.0,1.0,1.0
-0.29999999999999893,1.0,1.0,1.0,1.0,1.0,1.0
-0.27999999999999936,1.0,1.0,1.0,1.0,1.0,1.0
-0.2599999999999998,1.0,1.0,1.0,1.0,1.0,1.0
-0.2400000000000002,1.0,1.0,1.0,1.0,1.0,1.0
-0.22000000000000064,1.0,1.0,1.0,1.0,1.0,1.0
-0.1999999999999993,1.0,1.0,1.0,1.0,1.0,1.0
-0.17999999999999972,0.9998628235375998,1.0,1.0,1.0,1.0,1.0
-0.16000000000000014,0.9981736302119286,1.0,1.0,1.0,1.0,1.0
-0.14000000000000057,0.9979918787625619,1.0,1.0,1.0,1.0,1.0
-0.11999999999999922,0.9979033152778374,0.9999540296638283,1.0,1.0,0.9984688557646781,1.0
-0.09999999999999964,0.9978530419844559,0.9965849644041073,1.0,1.0,0.9969887391678021,1.0
-0.08000000000000007,0.9978232466428091,0.9962154446169557,1.0,1.0,0.9967917749804581,1.0
-0.0600000000000005,0.9978055365255915,0.9960633381377654,1.0,1.0,0.9967014710690946,0.9998789010087233
-0.03999999999999915,0.9977953555818554,0.9959906191625234,0.9993839217235826,1.0,0.9966574479309187,0.99971228471154
-0.019999999999999574,0.9977901358842862,0.9959573713133762,0.9983491784964624,1.0,0.9966373565445417,0.9996977244246735
0.0,0.9977885469154155,0.9959478569633927,0.9982916046943641,0.9957140597495836,0.9966317209474727,0.9996943865001328
0.019999999999999574,0.9977901786056586,0.9959577423771002,0.9983491784964624,1.0,0.996637906277835,0.9996977244246735
0.040000000000000924,0.997795452055898,0.9959915342873918,0.9993839217235826,1.0,0.9966588054299942,0.99971228471154
0.0600000000000005,0.9978057114095603,0.9960652603619,1.0,1.0,0.9967042922953598,0.999878901008724
0.08000000000000007,0.997823544994292,0.9962196255920777,1.0,1.0,0.9967976283857305,1.0
0.09999999999999964,0.9978535454072117,0.9965976009664331,1.0,1.0,0.9970026982118885,1.0
0.120000000000001,0.997904184733702,0.9999839618865272,1.0,1.0,0.9986794561411475,1.0
0.14000000000000057,0.9979935023330707,1.0,1.0,1.0,1.0,1.0
0.16000000000000014,0.9981776410204829,1.0,1.0,1.0,1.0,1.0
0.17999999999999972,0.9998865438232456,1.0,1.0,1.0,1.0,1.0
0.20000000000000107,1.0,1.0,1.0,1.0,1.0,1.0
0.22000000000000064,1.0,1.0,1.0,1.0,1.0,1.0
0.2400000000000002,1.0,1.0,1.0,1.0,1.0,1.0
0.2599999999999998,1.0,1.0,1.0,1.0,1.0,1.0
0.27999999999999936,1.0,1.0,1.0,1.0,1.0,1.0
0.3000000000000007,1.0,1.0,1.0,1.0,1.0,1.0
0.3200000000000003,1.0,1.0,1.0,1.0,1.0,1.0
0.33999999999999986,1.0,1.0,1.0,1.0,1.0,1.0
0.35999999999999943,1.0,1.0,1.0,1.0,1.0,1.0
0.3800000000000008,1.0,1.0,1.0,1.0,1.0,1.0
0.40000000000000036,1.0,1.0,1.0,1.0,1.0,1.0
0.41999999999999993,1.0,1.0,1.0,1.0,1.0,1.0
0.4399999999999995,1.0,1.0,1.0,1.0,1.0,1.0
0.46000000000000085,1.0,1.0,1.0,0.9957356964087325,1.0,1.0
0.4800000000000004,1.0,1.0,1.0,1.0,1.0,1.0
0.5,1.0,1.0,1.0,1.0,1.0,1.0
0.5199999999999996,1.0,1.0,1.0,1.0,1.0,1.0
0.5400000000000009,1.0,1.0,1.0,1.0,1.0,1.0
0.5600000000000005,1.0,1.0,1.0,1.0,1.0,1.0
0.5800000000000001,1.0,1.0,1.0,1.0,1.0,1.0
0.5999999999999996,1.0,1.0,1.0,1.0,1.0,1.0
0.620000000000001,1.0,1.0,1.0,1.0,1.0,1.0
0.6400000000000006,1.0,1.0,1.0,1.0,1.0,1.0
0.6600000000000001,1.0,1.0,1.0,1.0,1.0,1.0
0.6799999999999997,1.0,1.0,1.0,1.0,1.0,1.0
0.7000000000000011,1.0,1.0,1.0,1.0,1.0,1.0
0.7200000000000006,1.0,1.0,1.0,1.0,1.0,1.0
0.7400000000000002,1.0,1.0,1.0,1.0,1.0,1.0
0.7599999999999998,1.0,1.0,1.0,1.0,1.0,1.0
0.7799999999999994,1.0,1.0,1.0,1.0,1.0,1.0
0.8000000000000007,1.0,1.0,1.0,1.0,1.0,1.0
0.8200000000000003,1.0,1.0,1.0,1.0,1.0,1.0
0.8399999999999999,1.0,1.0,1.0,1.0,1.0,1.0
0.8599999999999994,1.0,1.0,1.0,1.0,1.0,1.0
0.8800000000000008,1.0,1.0,1.0,1.0,1.0,1.0
0.9000000000000004,1.0,1.0,1.0,1.0,1.0,1.0
0.9199999999999999,1.0,1.0,1.0,0.9958373435873304,1.0,1.0
0.9399999999999995,1.0,1.0,1.0,1.0,1.0,1.0
0.9600000000000009,1.0,1.0,1.0,1.0,1.0,1.0
0.9800000000000004,1.0,1.0,1.0,1.0,1.0,1.0
1.0,1.0,1.0,1.0,1.0,1.0,1.0
1.0199999999999996,1.0,1.0,1.0,1.0,1.0,1.0
1.040000000000001,1.0,1.0,1.0,1.0,1.0,1.0
1.0600000000000005,1.0,1.0,1.0,1.0,1.0,1.0
1.08,1.0,1.0,1.0,1.0,1.0,1.0
1.0999999999999996,1.0,1.0,1.0,1.0,1.0,1.0
1.120000000000001,1.0,1.0,1.0,1.0,1.0,1.0
1.1400000000000006,1.0,1.0,1.0,1.0,1.0,1.0
1.1600000000000001,1.0,1.0,1.0,1.0,1.0,1.0
1.1799999999999997,1.0,1.0,1.0,1.0,1.0,1.0
1.200000000000001,1.0,1.0,1.0,1.0,1.0,1.0
1.2200000000000006,1.0,1.0,1.0,1.0,1.0,1.0
1.2400000000000002,1.0,1.0,1.0,1.0,1.0,1.0
1.2599999999999998,1.0,1.0,1.0,1.0,1.0,1.0
1.2799999999999994,1.0,1.0,1.0,1.0,1.0,1.0
1.3000000000000007,1.0,1.0,1.0,1.0,1.0,1.0
1.3200000000000003,1.0,1.0,1.0,1.0,1.0,1.0
1.3399999999999999,1.0,1.0,1.0,1.0,1.0,1.0
1.3599999999999994,1.0,1.0,1.0,1.0,1.0,1.0
1.3800000000000008,1.0,1.0,1.0,0.9962287049096797,1.0,1.0
1.4000000000000004,1.0,1.0,1.0,1.0,1.0,1.0
1.42,1.0,1.0,1.0,1.0,1.0,1.0
1.4399999999999995,1.0,1.0,1.0,1.0,1.0,1.0
1.4600000000000009,1.0,1.0,1.0,1.0,1.0,1.0
1.4800000000000004,1.0,1.0,1.0,1.0,1.0,1.0
1.5,1.0,1.0,1.0,1.0,1.0,1.0
1.5199999999999996,1.0,1.0,1.0,1.0,1.0,1.0
1.540000000000001,1.0,1.0,1.0,1.0,1.0,1.0
1.5600000000000005,1.0,1.0,1.0,1.0,1.0,1.0
1.58,1.0,1.0,1.0,1.0,1.0,1.0
1.5999999999999996,1.0,1.0,1.0,1.0,1.0,1.0
1.620000000000001,1.0,1.0,1.0,1.0,1.0,1.0
1.6400000000000006,1.0,1.0,1.0,1.0,1.0,1.0
1.6600000000000001,1.0,1.0,1.0,1.0,1.0,1.0
1.6799999999999997,1.0,1.0,1.0,1.0,1.0,1.0
1.700000000000001,1.0,1.0,1.0,1.0,1.0,1.0
1.7200000000000006,1.0,1.0,1.0,1.0,1.0,1.0
1.7400000000000002,1.0,1.0,1.0,1.0,1.0,1.0
1.7599999999999998,1.0,1.0,1.0,1.0,1.0,1.0
1.7799999999999994,1.0,1.0,1.0,1.0,1.0,1.0
1.8000000000000007,1.0,1.0,1.0,1.0,1.0,1.0
1.8200000000000003,1.0,1.0,1.0,1.0,1.0,1.0
1.8399999999999999,1.0,1.0,1.0,1.0,1.0,1.0
1.8599999999999994,1.0,1.0,1.0,0.9961124791890208,1.0,1.0
1.8800000000000008,1.0,1.0,1.0,1.0,1.0,1.0
1.9000000000000004,1.0,1.0,1.0,1.0,1.0,1.0
1.92,1.0,1.0,1.0,1.0,1.0,1.0
1.9399999999999995,1.0,1.0,1.0,1.0,1.0,1.0
1.9600000000000009,1.0,1.0,1.0,1.0,1.0,1.0
1.9800000000000004,1.0,1.0,1.0,1.0,1.0,1.0
2.0,1.0,1.0,1.0,1.0,1.0,1.0
2.0199999999999996,1.0,1.0,1.0,1.0,1.0,1.0
2.040000000000001,1.0,1.0,1.0,1.0,1.0,1.0
2.0600000000000005,1.0,1.0,1.0,1.0,1.0,1.0
2.08,1.0,1.0,1.0,1.0,1.0,1.0
2.0999999999999996,1.0,1.0,1.0,1.0,1.0,1.0
2.120000000000001,1.0,1.0,1.0,1.0,1.0,1.0
2.1400000000000006,1.0,1.0,1.0,1.0,1.0,1.0
2.16,1.0,1.0,1.0,1.0,1.0,1.0
2.1799999999999997,1.0,1.0,1.0,1.0,1.0,1.0
2.200000000000001,1.0,1.0,1.0,1.0,1.0,1.0
2.2200000000000006,1.0,1.0,1.0,1.0,1.0,1.0
2.24,1.0,1.0,1.0,1.0,1.0,1.0
2.26,1.0,1.0,1.0,1.0,1.0,1.0
2.280000000000001,1.0,1.0,1.0,1.0,1.0,1.0
2.3000000000000007,1.0,1.0,1.0,1.0,1.0,1.0
2.3200000000000003,1.0,1.0,1.0,0.9958094866677801,1.0,1.0
2.34,1.0,1.0,1.0,1.0,1.0,1.0
2.3599999999999994,1.0,1.0,1.0,1.0,1.0,1.0
2.380000000000001,1.0,1.0,1.0,1.0,1.0,1.0
2.4000000000000004,1.0,1.0,1.0,1.0,1.0,1.0
2.42,1.0,1.0,1.0,1.0,1.0,1.0
2.4399999999999995,1.0,1.0,1.0,1.0,1.0,1.0
2.460000000000001,1.0,1.0,1.0,1.0,1.0,1.0
2.4800000000000004,1.0,1.0,1.0,1.0,1.0,1.0
2.5,1.0,1.0,1.0,1.0,1.0,1.0
2.5199999999999996,1.0,1.0,1.0,1.0,1.0,1.0
2.540000000000001,1.0,1.0,1.0,1.0,1.0,1.0
2.5600000000000005,1.0,1.0,1.0,1.0,1.0,1.0
2.58,1.0,1.0,1.0,1.0,1.0,1.0
2.5999999999999996,1.0,1.0,1.0,1.0,1.0,1.0
2.620000000000001,1.0,1.0,1.0,1.0,1.0,1.0
2.6400000000000006,1.0,1.0,1.0,1.0,1.0,1.0
2.66,1.0,1.0,1.0,1.0,1.0,1.0
2.6799999999999997,1.0,1.0,1.0,1.0,1.0,1.0
2.700000000000001,1.0,1.0,1.0,1.0,1.0,1.0
2.7200000000000006,1.0,1.0,1.0,1.0,1.0,1.0
2.74,1.0,1.0,1.0,1.0,1.0,1.0
2.76,1.0,1.0,1.0,1.0,1.0,1.0
2.780000000000001,1.0,1.0,1.0,0.9957283293613578,1.0,1.0
2.8000000000000007,1.0,1.0,1.0,1.0,1.0,1.0
2.8200000000000003,1.0,1.0,1.0,1.0,1.0,1.0
2.84,1.0,1.0,1.0,1.0,1.0,1.0
2.8599999999999994,1.0,1.0,1.0,1.0,1.0,1.0
2.880000000000001,1.0,1.0,1.0,1.0,1.0,1.0
2.9000000000000004,1.0,1.0,1.0,1.0,1.0,1.0
2.92,1.0,1.0,1.0,1.0,1.0,1.0
2.9399999999999995,1.0,1.0,1.0,1.0,1.0,1.0
2.960000000000001,1.0,1.0,1.0,1.0,1.0,1.0
2.9800000000000004,1.0,1.0,1.0,1.0,1.0,1.0
3.0,1.0,1.0,1.0,1.0,1.0,1.0
3.0199999999999996,1.0,1.0,1.0,1.0,1.0,1.0
3.040000000000001,1.0,1.0,1.0,1.0,1.0,1.0
3.0600000000000005,1.0,1.0,1.0,1.0,1.0,1.0
3.08,1.0,1.0,1.0,1.0,1.0,1.0
3.0999999999999996,1.0,1.0,1.0,1.0,1.0,1.0
3.120000000000001,1.0,1.0,1.0,1.0,1.0,1.0
3.1400000000000006,1.0,1.0,1.0,1.0,1.0,1.0
3.16,1.0,1.0,1.0,1.0,1.0,1.0
3.1799999999999997,1.0,1.0,1.0,1.0,1.0,1.0
3.200000000000001,1.0,0.9976765385944528,1.0,1.0,1.0,1.0
3.2200000000000006,1.0,0.9963353816809496,1.0,1.0,1.0,1.0
3.24,1.0,0.9961175772291907,1.0,0.9957146271383489,1.0,1.0
3.26,1.0,0.9960167606536138,1.0,1.0,1.0,1.0
3.280000000000001,1.0,0.9959687212860877,1.0,1.0,1.0,1.0
3.3000000000000007,1.0,0.9959496690008243,1.0,1.0,1.0,1.0
3.3200000000000003,1.0,0.9959508376360822,1.0,1.0,1.0,1.0
3.34,1.0,0.9959727590532714,1.0,1.0,1.0,1.0
3.3599999999999994,1.0,0.9960255698975712,1.0,1.0,1.0,1.0
3.380000000000001,1.0,0.9961359063951521,1.0,1.0,1.0,1.0
3.4000000000000004,1.0,0.9963782611785813,1.0,1.0,1.0,1.0
3.42,1.0,0.998278656778234,1.0,1.0,1.0,1.0
3.4399999999999995,1.0,1.0,1.0,1.0,1.0,1.0
3.460000000000001,1.0,1.0,1.0,1.0,1.0,1.0
3.4800000000000004,1.0,1.0,1.0,1.0,1.0,1.0
3.5,1.0,1.0,1.0,1.0,1.0,1.0
3.5199999999999996,1.0,1.0,1.0,1.0,1.0,1.0
3.540000000000001,1.0,1.0,1.0,1.0,1.0,1.0
3.5600000000000005,1.0,1.0,1.0,1.0,1.0,1.0
3.58,1.0,1.0,1.0,1.0,1.0,1.0
3.5999999999999996,1.0,1.0,1.0,1.0,1.0,1.0
3.620000000000001,1.0,1.0,1.0,1.0,1.0,1.0
3.6400000000000006,1.0,1.0,1.0,1.0,1.0,1.0
3.66,1.0,1.0,1.0,1.0,1.0,1.0
3.6799999999999997,1.0,1.0,1.0,1.0,1.0,1.0
3.700000000000001,1.0,1.0,1.0,0.9957451622581724,1.0,1.0
3.7200000000000006,1.0,1.0,1.0,1.0,1.0,1.0
3.74,1.0,1.0,1.0,1.0,1.0,1.0
3.76,1.0,1.0,1.0,1.0,1.0,1.0
3.780000000000001,1.0,1.0,1.0,1.0,1.0,1.0
3.8000000000000007,1.0,1.0,1.0,1.0,1.0,1.0
3.8200000000000003,1.0,1.0,1.0,1.0,1.0,1.0
3.84,1.0,1.0,1.0,1.0,1.0,1.0
3.8599999999999994,1.0,1.0,1.0,1.0,1.0,1.0
3.880000000000001,1.0,1.0,1.0,1.0,1.0,1.0
3.9000000000000004,1.0,1.0,1.0,1.0,1.0,1.0
3.92,1.0,1.0,1.0,1.0,1.0,1.0
3.9399999999999995,1.0,1.0,1.0,1.0,1.0,1.0
3.960000000000001,1.0,1.0,1.0,1.0,1.0,1.0
3.9800000000000004,1.0,1.0,1.0,1.0,1.0,1.0
4.0,1.0,1.0,1.0,1.0,1.0,1.0
4.02,1.0,1.0,1.0,1.0,1.0,1.0
4.040000000000001,1.0,1.0,1.0,1.0,1.0,1.0
4.0600000000000005,1.0,1.0,1.0,1.0,1.0,1.0
4.08,1.0,1.0,1.0,1.0,1.0,1.0
4.1,1.0,1.0,1.0,1.0,1.0,1.0
4.120000000000001,1.0,1.0,1.0,1.0,1.0,1.0
4.140000000000001,1.0,1.0,1.0,1.0,1.0,1.0
4.16,1.0,1.0,1.0,0.9958720545176,1.0,1.0
4.18,1.0,1.0,1.0,1.0,1.0,1.0
4.200000000000001,1.0,1.0,1.0,1.0,1.0,1.0
4.220000000000001,1.0,1.0,1.0,1.0,1.0,1.0
4.24,1.0,1.0,1.0,1.0,1.0,1.0
4.26,1.0,1.0,1.0,1.0,1.0,1.0
4.280000000000001,1.0,1.0,1.0,1.0,1.0,1.0
4.300000000000001,1.0,1.0,1.0,1.0,1.0,1.0
4.32,1.0,1.0,1.0,1.0,1.0,1.0
4.34,1.0,1.0,1.0,1.0,1.0,1.0
4.359999999999999,1.0,1.0,1.0,1.0,1.0,1.0
4.380000000000001,1.0,1.0,1.0,1.0,1.0,1.0
4.4,1.0,1.0,1.0,1.0,1.0,1.0
4.42,1.0,1.0,1.0,1.0,1.0,1.0
4.4399999999999995,1.0,1.0,1.0,1.0,1.0,1.0
4.460000000000001,1.0,1.0,1.0,1.0,1.0,1.0
4.48,1.0,1.0,1.0,1.0,1.0,1.0
4.5,1.0,1.0,1.0,1.0,1.0,1.0
4.52,1.0,1.0,1.0,1.0,1.0,1.0
4.540000000000001,1.0,1.0,1.0,1.0,1.0,1.0
4.5600000000000005,1.0,1.0,1.0,1.0,1.0,1.0
4.58,1.0,1.0,1.0,1.0,1.0,1.0
4.6,1.0,1.0,1.0,1.0,1.0,1.0
4.620000000000001,1.0,1.0,1.0,0.9963948364534795,1.0,1.0
4.640000000000001,1.0,1.0,1.0,0.9995382686523675,1.0,1.0
4.66,1.0,1.0,1.0,1.0,1.0,1.0
4.68,1.0,1.0,1.0,1.0,1.0,1.0
4.700000000000001,1.0,1.0,1.0,1.0,1.0,1.0
4.720000000000001,1.0,1.0,1.0,1.0,1.0,1.0
4.74,1.0,1.0,1.0,1.0,1.0,1.0
4.76,1.0,1.0,1.0,1.0,1.0,1.0
4.780000000000001,1.0,1.0,1.0,1.0,1.0,1.0
4.800000000000001,1.0,1.0,1.0,1.0,1.0,1.0
4.82,1.0,1.0,1.0,1.0,1.0,1.0
4.84,1.0,1.0,1.0,1.0,1.0,1.0
4.859999999999999,1.0,1.0,1.0,1.0,1.0,1.0
4.880000000000001,1.0,1.0,1.0,1.0,1.0,1.0
4.9,1.0,1.0,1.0,1.0,1.0,1.0
4.92,1.0,1.0,1.0,1.0,1.0,1.0
4.9399999999999995,1.0,1.0,1.0,1.0,1.0,1.0
4.960000000000001,1.0,1.0,1.0,1.0,1.0,1.0
4.98,1.0,1.0,1.0,1.0,1.0,1.0
5.0,1.0,1.0,1.0,1.0,1.0,1.0
5.02,1.0,1.0,1.0,1.0,1.0,1.0
5.040000000000001,1.0,1.0,1.0,1.0,1.0,1.0
5.0600000000000005,1.0,1.0,1.0,1.0,1.0,1.0
5.08,1.0,1.0,1.0,1.0,1.0,1.0
5.1,1.0,1.0,1.0,0.9960257921746076,1.0,1.0
5.120000000000001,1.0,1.0,1.0,1.0,1.0,1.0
5.140000000000001,1.0,1.0,1.0,1.0,1.0,1.0
5.16,1.0,1.0,1.0,1.0,1.0,1.0
5.18,1.0,1.0,1.0,1.0,1.0,1.0
5.200000000000001,1.0,1.0,1.0,1.0,1.0,1.0
5.220000000000001,1.0,1.0,1.0,1.0,1.0,1.0
5.24,1.0,1.0,1.0,1.0,1.0,1.0
5.26,1.0,1.0,1.0,1.0,1.0,1.0
5.280000000000001,1.0,1.0,1.0,1.0,1.0,1.0
5.300000000000001,1.0,1.0,1.0,1.0,1.0,1.0
5.32,1.0,1.0,1.0,1.0,1.0,1.0
5.34,1.0,1.0,1.0,1.0,1.0,1.0
5.359999999999999,1.0,1.0,1.0,1.0,1.0,1.0
5.380000000000001,1.0,1.0,1.0,1.0,1.0,1.0
5.4,1.0,1.0,1.0,1.0,1.0,1.0
5.42,1.0,1.0,1.0,1.0,1.0,1.0
5.4399999999999995,1.0,1.0,1.0,1.0,1.0,1.0
5.460000000000001,1.0,1.0,1.0,1.0,1.0,1.0
5.48,1.0,1.0,1.0,1.0,1.0,1.0
5.5,1.0,1.0,1.0,1.0,1.0,1.0
5.52,1.0,1.0,1.0,1.0,1.0,1.0
5.540000000000001,1.0,1.0,1.0,1.0,1.0,1.0
5.5600000000000005,1.0,1.0,1.0,0.9957870916489746,1.0,1.0
5.58,1.0,1.0,1.0,1.0,1.0,1.0
5.6,1.0,1.0,1.0,1.0,1.0,1.0
5.620000000000001,1.0,1.0,1.0,1.0,1.0,1.0
5.640000000000001,1.0,1.0,1.0,1.0,1.0,1.0
5.66,1.0,1.0,1.0,1.0,1.0,1.0
5.68,1.0,1.0,1.0,1.0,1.0,1.0
5.700000000000001,1.0,1.0,1.0,1.0,1.0,1.0
5.720000000000001,1.0,1.0,1.0,1.0,1.0,1.0
5.74,1.0,1.0,1.0,1.0,1.0,1.0
5.76,1.0,1.0,1.0,1.0,1.0,1.0
5.780000000000001,1.0,1.0,1.0,1.0,1.0,1.0
5.800000000000001,1.0,1.0,1.0,1.0,1.0,1.0
5.82,1.0,1.0,1.0,1.0,1.0,1.0
5.84,1.0,1.0,1.0,1.0,1.0,1.0
5.860000000000001,1.0,1.0,1.0,1.0,1.0,1.0
5.880000000000001,1.0,1.0,1.0,1.0,1.0,1.0
5.9,1.0,1.0,1.0,1.0,1.0,1.0
5.92,1.0,1.0,1.0,1.0,1.0,1.0
5.9399999999999995,1.0,1.0,1.0,1.0,1.0,1.0
5.960000000000001,1.0,1.0,1.0,1.0,1.0,1.0
5.98,1.0,1.0,1.0,1.0,1.0,1.0
6.0,1.0,1.0,0.9987663043211024,1.0,1.0,1.0
6.02,1.0,1.0,0.9983269648938417,0.9957227356276152,1.0,1.0
6.039999999999999,1.0,1.0,0.9982935598145706,1.0,1.0,1.0
6.059999999999999,1.0,1.0,0.9983796714208768,1.0,1.0,1.0
6.080000000000002,1.0,1.0,0.9999357079721817,1.0,1.0,1.0
6.100000000000001,1.0,1.0,1.0,1.0,1.0,1.0
6.120000000000001,1.0,1.0,1.0,1.0,1.0,1.0
6.140000000000001,1.0,1.0,1.0,1.0,1.0,1.0
6.16,1.0,1.0,1.0,1.0,1.0,1.0
6.18,1.0,1.0,1.0,1.0,1.0,1.0
6.199999999999999,1.0,1.0,1.0,1.0,1.0,1.0
6.219999999999999,1.0,1.0,1.0,1.0,1.0,0.9997257733966731
6.240000000000002,1.0,1.0,1.0,1.0,1.0,0.9997014790451134
6.260000000000002,1.0,1.0,1.0,1.0,1.0,0.9996948690685162
6.280000000000001,1.0,1.0,1.0,1.0,1.0,0.9996955400768665
6.300000000000001,1.0,1.0,1.0,1.0,1.0,0.999704360247627
6.32,1.0,1.0,1.0,1.0,1.0,0.9997373768543937
6.34,1.0,1.0,1.0,1.0,1.0,1.0
6.359999999999999,1.0,1.0,1.0,1.0,1.0,1.0
6.379999999999999,1.0,1.0,1.0,1.0,1.0,1.0
6.399999999999999,1.0,1.0,1.0,1.0,1.0,1.0
6.420000000000002,1.0,1.0,1.0,1.0,1.0,1.0
6.440000000000001,1.0,1.0,1.0,1.0,1.0,1.0
6.460000000000001,1.0,1.0,1.0,1.0,1.0,1.0
6.48,1.0,1.0,1.0,0.9957163550339649,1.0,1.0
6.5,1.0,0.9996851374550082,1.0,1.0,1.0,1.0
6.52,1.0,0.9965235306817096,1.0,1.0,1.0,1.0
6.539999999999999,1.0,0.9961935660990258,1.0,1.0,1.0,1.0
6.559999999999999,1.0,0.9960530660877414,1.0,1.0,1.0,1.0
6.580000000000002,1.0,0.9959857071813117,1.0,1.0,1.0,1.0
6.600000000000001,1.0,0.9959554214973549,1.0,1.0,1.0,1.0
6.620000000000001,1.0,0.9959479765735415,1.0,1.0,1.0,1.0
6.640000000000001,1.0,0.9959599856959535,1.0,1.0,1.0,1.0
6.66,1.0,0.9959969328396896,1.0,1.0,1.0,1.0
6.68,1.0,0.9960764926685536,1.0,1.0,1.0,1.0
6.699999999999999,1.0,0.9962438681579832,1.0,1.0,1.0,1.0
6.719999999999999,1.0,0.9966737365975888,1.0,1.0,1.0,1.0
6.740000000000002,1.0,1.0,1.0,1.0,1.0,1.0
6.760000000000002,1.0,1.0,1.0,1.0,1.0,1.0
6.780000000000001,1.0,1.0,1.0,1.0,1.0,1.0
6.800000000000001,1.0,1.0,1.0,1.0,1.0,1.0
6.82,1.0,1.0,1.0,1.0,1.0,1.0
6.84,1.0,1.0,1.0,1.0,1.0,1.0
6.859999999999999,1.0,1.0,1.0,1.0,1.0,1.0
6.879999999999999,1.0,1.0,1.0,1.0,1.0,1.0
6.899999999999999,1.0,1.0,1.0,1.0,1.0,1.0
6.920000000000002,1.0,1.0,1.0,1.0,1.0,1.0
6.940000000000001,1.0,1.0,1.0,0.9957571442421609,1.0,1.0
6.960000000000001,1.0,1.0,1.0,1.0,1.0,1.0
6.98,1.0,1.0,1.0,1.0,1.0,1.0
7.0,1.0,1.0,1.0,1.0,1.0,1.0
7.02,1.0,1.0,1.0,1.0,1.0,1.0
7.039999999999999,1.0,1.0,1.0,1.0,1.0,1.0
7.059999999999999,1.0,1.0,1.0,1.0,1.0,1.0
7.080000000000002,1.0,1.0,1.0,1.0,1.0,1.0
7.100000000000001,1.0,1.0,1.0,1.0,1.0,1.0
7.120000000000001,1.0,1.0,1.0,1.0,1.0,1.0
7.140000000000001,1.0,1.0,1.0,1.0,1.0,1.0
7.16,1.0,1.0,1.0,1.0,1.0,1.0
7.18,1.0,1.0,1.0,1.0,1.0,1.0
7.199999999999999,1.0,1.0,1.0,1.0,1.0,1.0
7.219999999999999,1.0,1.0,1.0,1.0,1.0,1.0
7.240000000000002,1.0,1.0,1.0,1.0,1.0,1.0
7.260000000000002,1.0,1.0,1.0,1.0,1.0,1.0
7.280000000000001,1.0,1.0,1.0,1.0,1.0,1.0
7.300000000000001,1.0,1.0,1.0,1.0,1.0,1.0
7.32,1.0,1.0,1.0,1.0,1.0,1.0
7.34,1.0,1.0,1.0,1.0,1.0,1.0
7.359999999999999,1.0,1.0,1.0,1.0,1.0,1.0
7.379999999999999,1.0,1.0,1.0,1.0,1.0,1.0
7.400000000000002,1.0,1.0,1.0,0.9959154960737647,1.0,1.0
7.420000000000002,1.0,1.0,1.0,1.0,1.0,1.0
7.440000000000001,1.0,1.0,1.0,1.0,1.0,1.0
7.460000000000001,1.0,1.0,1.0,1.0,1.0,1.0
7.48,1.0,1.0,1.0,1.0,1.0,1.0
7.5,1.0,1.0,1.0,1.0,1.0,1.0
7.52,1.0,1.0,1.0,1.0,1.0,1.0
7.539999999999999,1.0,1.0,1.0,1.0,1.0,1.0
7.559999999999999,1.0,1.0,1.0,1.0,1.0,1.0
7.580000000000002,1.0,1.0,1.0,1.0,1.0,1.0
7.600000000000001,1.0,1.0,1.0,1.0,1.0,1.0
7.620000000000001,1.0,1.0,1.0,1.0,1.0,1.0
7.640000000000001,1.0,1.0,1.0,1.0,1.0,1.0
7.66,1.0,1.0,1.0,1.0,1.0,1.0
7.68,1.0,1.0,1.0,1.0,1.0,1.0
7.699999999999999,1.0,1.0,1.0,1.0,1.0,1.0
7.719999999999999,1.0,1.0,1.0,1.0,1.0,1.0
7.740000000000002,1.0,1.0,1.0,1.0,1.0,1.0
7.760000000000002,1.0,1.0,1.0,1.0,1.0,1.0
7.780000000000001,1.0,1.0,1.0,1.0,1.0,1.0
7.800000000000001,1.0,1.0,1.0,1.0,1.0,1.0
7.82,1.0,1.0,1.0,1.0,1.0,1.0
7.84,1.0,1.0,1.0,1.0,1.0,1.0
7.859999999999999,1.0,1.0,1.0,0.9968446046777928,1.0,1.0
7.879999999999999,1.0,1.0,1.0,0.9980568743412324,1.0,1.0
7.900000000000002,1.0,1.0,1.0,1.0,1.0,1.0
7.920000000000002,1.0,1.0,1.0,1.0,1.0,1.0
7.940000000000001,1.0,1.0,1.0,1.0,1.0,1.0
7.960000000000001,1.0,1.0,1.0,1.0,1.0,1.0
7.98,1.0,1.0,1.0,1.0,1.0,1.0
8.0,1.0,1.0,1.0,1.0,1.0,1.0
8.02,1.0,1.0,1.0,1.0,1.0,1.0
8.04,1.0,1.0,1.0,1.0,1.0,1.0
8.059999999999999,1.0,1.0,1.0,1.0,1.0,1.0
8.080000000000002,1.0,1.0,1.0,1.0,1.0,1.0
8.100000000000001,1.0,1.0,1.0,1.0,1.0,1.0
8.120000000000001,1.0,1.0,1.0,1.0,1.0,1.0
8.14,1.0,1.0,1.0,1.0,1.0,1.0
8.16,1.0,1.0,1.0,1.0,1.0,1.0
8.18,1.0,1.0,1.0,1.0,1.0,1.0
8.2,1.0,1.0,1.0,1.0,1.0,1.0
8.219999999999999,1.0,1.0,1.0,1.0,1.0,1.0
8.240000000000002,1.0,1.0,1.0,1.0,1.0,1.0
8.260000000000002,1.0,1.0,1.0,1.0,1.0,1.0
8.280000000000001,1.0,1.0,1.0,1.0,1.0,1.0
8.3,1.0,1.0,1.0,1.0,1.0,1.0
8.32,1.0,1.0,1.0,1.0,1.0,1.0
8.34,1.0,1.0,1.0,0.9959590145320919,1.0,1.0
8.36,1.0,1.0,1.0,1.0,1.0,1.0
8.379999999999999,1.0,1.0,1.0,1.0,1.0,1.0
8.400000000000002,1.0,1.0,1.0,1.0,1.0,1.0
8.420000000000002,1.0,1.0,1.0,1.0,1.0,1.0
8.440000000000001,1.0,1.0,1.0,1.0,1.0,1.0
8.46,1.0,1.0,1.0,1.0,1.0,1.0
8.48,1.0,1.0,1.0,1.0,1.0,1.0
8.5,1.0,1.0,1.0,1.0,1.0,1.0
8.52,1.0,1.0,1.0,1.0,1.0,1.0
8.54,1.0,1.0,1.0,1.0,1.0,1.0
8.559999999999999,1.0,1.0,1.0,1.0,1.0,1.0
8.580000000000002,1.0,1.0,1.0,1.0,1.0,1.0
8.600000000000001,1.0,1.0,1.0,1.0,1.0,1.0
8.620000000000001,1.0,1.0,1.0,1.0,1.0,1.0
8.64,1.0,1.0,1.0,1.0,1.0,1.0
8.66,1.0,1.0,1.0,1.0,1.0,1.0
8.68,1.0,1.0,1.0,1.0,1.0,1.0
8.7,1.0,1.0,1.0,1.0,1.0,1.0
8.719999999999999,1.0,1.0,1.0,1.0,1.0,1.0
8.740000000000002,1.0,1.0,1.0,1.0,1.0,1.0
8.760000000000002,1.0,1.0,1.0,1.0,1.0,1.0
8.780000000000001,1.0,1.0,1.0,1.0,1.0,1.0
8.8,1.0,1.0,1.0,0.9957690989003518,1.0,1.0
8.82,1.0,1.0,1.0,1.0,1.0,1.0
8.84,1.0,1.0,1.0,1.0,1.0,1.0
8.86,1.0,1.0,1.0,1.0,1.0,1.0
8.879999999999999,1.0,1.0,1.0,1.0,1.0,1.0
8.900000000000002,1.0,1.0,1.0,1.0,1.0,1.0
8.920000000000002,1.0,1.0,1.0,1.0,1.0,1.0
8.940000000000001,1.0,1.0,1.0,1.0,1.0,1.0
8.96,1.0,1.0,1.0,1.0,1.0,1.0
8.98,1.0,1.0,1.0,1.0,1.0,1.0
9.0,1.0,1.0,1.0,1.0,1.0,1.0
9.02,1.0,1.0,1.0,1.0,1.0,1.0
9.04,1.0,1.0,1.0,1.0,1.0,1.0
9.059999999999999,1.0,1.0,1.0,1.0,1.0,1.0
9.080000000000002,1.0,1.0,1.0,1.0,1.0,1.0
9.100000000000001,1.0,1.0,1.0,1.0,1.0,1.0
9.120000000000001,1.0,1.0,1.0,1.0,1.0,1.0
9.14,1.0,1.0,1.0,1.0,1.0,1.0
9.16,1.0,1.0,1.0,1.0,1.0,1.0
9.18,1.0,1.0,1.0,1.0,1.0,1.0
9.2,1.0,1.0,1.0,1.0,1.0,1.0
9.219999999999999,1.0,1.0,1.0,1.0,1.0,1.0
9.240000000000002,1.0,1.0,1.0,1.0,1.0,1.0
9.260000000000002,1.0,1.0,1.0,0.9957186666712328,1.0,1.0
9.280000000000001,1.0,1.0,1.0,1.0,1.0,1.0
9.3,1.0,1.0,1.0,1.0,1.0,1.0
9.32,1.0,1.0,1.0,1.0,1.0,1.0
9.34,1.0,1.0,1.0,1.0,1.0,1.0
9.36,1.0,1.0,1.0,1.0,0.9978620301694119,1.0
9.379999999999999,1.0,1.0,1.0,1.0,0.9969503016846439,1.0
9.400000000000002,1.0,1.0,1.0,1.0,0.9967751330886268,1.0
9.420000000000002,1.0,1.0,1.0,1.0,0.9966933821637463,1.0
9.440000000000001,1.0,1.0,1.0,1.0,0.9966535711559048,1.0
9.46,1.0,1.0,1.0,1.0,0.9966358432683686,1.0
9.48,1.0,1.0,1.0,1.0,0.9966318637973316,1.0
9.5,1.0,1.0,1.0,1.0,0.9966397721500855,1.0
9.52,1.0,1.0,1.0,1.0,0.9966632672718997,1.0
9.54,1.0,1.0,1.0,1.0,0.996713502542577,1.0
9.559999999999999,1.0,1.0,1.0,1.0,0.9968167508339478,1.0
9.580000000000002,1.0,1.0,1.0,1.0,0.9970492556861941,1.0
9.600000000000001,1.0,1.0,1.0,1.0,0.9992794766422207,1.0
9.620000000000001,1.0,1.0,1.0,1.0,1.0,1.0
9.64,1.0,1.0,1.0,1.0,1.0,1.0
9.66,1.0,1.0,1.0,1.0,1.0,1.0
9.68,1.0,1.0,1.0,1.0,1.0,1.0
9.7,1.0,1.0,1.0,1.0,1.0,1.0
9.719999999999999,1.0,1.0,1.0,0.9957193215771937,1.0,1.0
9.740000000000002,1.0,1.0,1.0,1.0,1.0,1.0
9.760000000000002,1.0,1.0,1.0,1.0,1.0,1.0
9.780000000000001,1.0,1.0,1.0,1.0,1.0,1.0
9.8,1.0,1.0,1.0,1.0,1.0,1.0
9.82,1.0,0.997209125373647,1.0,1.0,1.0,1.0
9.84,1.0,0.9963029999129464,1.0,1.0,1.0,1.0
9.86,1.0,0.9961033171464655,1.0,1.0,1.0,1.0
9.879999999999999,1.0,0.996009880493318,1.0,1.0,1.0,1.0
9.900000000000002,1.0,0.9959656225782251,1.0,1.0,1.0,1.0
9.920000000000002,1.0,0.9959489069987343,1.0,1.0,1.0,1.0
9.940000000000001,1.0,0.9959520667443899,1.0,1.0,1.0,1.0
9.96,1.0,0.9959765385153614,1.0,1.0,1.0,1.0
9.98,1.0,0.9960336895052359,1.0,1.0,1.0,1.0
10.0,1.0,0.9961528400229441,1.0,1.0,1.0,1.0
